,C#,CNAME,PERIOD,CREDIT,TEACHER
0,JP-27,基础日语-4,96,6,孙莉
1,FN-25,金融科技前沿讲座,32,2,李淑彪
2,AT-03,运筹学I,48,3,吴江
3,JS-05,创新创业实践III,80,2,崔鑫
4,IT-19,世界经济地理,32,2,杨少华
5,ID-06,概念建模工具,64,3,FaustoBrevi
6,AT-88,专业设计-2,64,4,刘令贵
7,IT-35,国际商务,40,2.5,陈绍俭
8,JP-06,演讲与辩论实训,32,1,KANETO SACHIKO
9,EP-12,工程热力学Ⅰ,64,3.5,刘迎文
10,IF-08,电磁场理论II,48,3,曹猛
11,AT-50,智能控制,32,2,胡怀中
12,EE-80,能源互联网,32,2,谢海鹏
13,MT-03,概率统计与随机过程,64,4,刘美琴
14,JS-19,外科生产实习Ⅰ,720,18,种铁
15,FA-21,法语国家及地区文化,16,1,BAROT OLIVIER CYRIL
16,FN-22,建行企业文化与普惠金融,32,2,李淑彪
17,ID-43,压电器件设计制作,32,1,高翔宇
18,JS-04,临床技能训练,0,1,柏宏亮
19,EG-19,美国文化,32,2,司选海
20,MG-11,社会保险理论与实务,32,2,章芬
21,SO-20,牙周病学Ⅰ,24,1.5,刘瑾
22,PB-05,数据管理与分析,32,1.5,吴谦
23,LW-07,法律翻译与法律英语写作,32,2,张紫薇
24,MC-29,机械工程测试技术,48,2.5,徐光华
25,NC-10,核电厂系统与动力设备,40,2.5,张亚培
26,LW-01,LW 公司法与商法（ACCA）,48,3,FONSEKA MEIMANAGE MOHANPRADEEP
27,SO-26,牙髓病学Ⅱ,80,3.5,董茜茜
28,PY-59,凝聚态物理专业实验,32,1,杨宏
29,LT-05,汉语听说2,64,4,李馨郁
30,TE-05,现代物流管理,32,2,LI ZHENG
31,AC-13,建筑物理,64,4,GiulianoDall'O'
32,EG-56,英语写作-2,32,2,彭凤玲
33,MM-24,现代西方经济学流派,48,3,樊晓燕
34,CI-37,内科学Ⅰ,72,3.5,王毅
35,EG-29,托福强化,32,2,林玉萍
36,CI-66,运动系统与疾病,48,2.5,李浩鹏
37,TE-27,产业经济学,48,2.5,樊仲琛
38,AC-17,建筑设计基础-2,96,4,刘令贵
39,MT-35,多元数据分析与统计软件,58,3,张春霞
40,JS-08,日语口译实践,16,0.5,孙莉
41,SO-33,口腔正畸学,104,4.5,王菲
42,CV-39,混凝土结构设计,40,2,宋丽
43,EG-64,英语写作-4,32,2,范晓晖
44,PY-12,量子光学与量子信息导论,32,2,张沛
45,CI-29,内科学Ⅰ,56,3,浮姣
46,JP-09,日语会话,32,2,任宏昊
47,EP-11,锅炉原理,56,3,王长安
48,LT-21,商务新闻阅读,32,2,孙玉茜
49,FN-34,经济金融中的数理模型,32,2,张成毅
50,PM-28,药物合成反应,64,4,黄渊
51,NR-06,外科护理学 Ⅱ,72,3.5,高睿
52,JS-11,社区护理实习,80,1,郭晓元
53,MM-29,思想政治教育原理与方法研究,48,3,杨华
54,XL-03,Maths for Economics and Business,150,5,胡琳
55,ER-02,环境热力学,64,4,张云伟
56,CE-24,储能化学基础-2,48,3,高国新
57,EG-69,学术英语读写,32,2,彭凤玲
58,EE-76,电工电子技术-1,48,3,刘晔
59,VN-06,车辆工程导论,16,1,张琦
60,EG-21,二语习得,32,2,杨文纯
61,BO-11,合成生物学,32,2,谭丹
62,MC-03,机械设计基础课程设计,32,1,陈丽
63,AT-13,系统仿真与元宇宙,32,2,卫军胡
64,PY-13,电动力学,64,4,付春娥
65,AS-26,航空发动机总体设计,32,2,薛瑞
66,EG-67,英国文学史及选读,48,3,曹兴潭
67,SF-09,编译系统设计综合训练,16,0.5,吴晓军
68,EG-23,英语辩论,32,2,张静洁
69,AT-49,工业社会学,24,1.5,高建民
70,PL-41,形而上学导论,32,2,张志伟
71,PL-40,马克思主义哲学史II,48,3,王健
72,MC-05,机械制造技术基础,56,3,金涛
73,NR-07,护理学导论,48,2.5,李小妹
74,AS-02,空气与气体动力学,72,4,孟雪广
75,SC-42,社会政策学,32,2,郭小弦
76,AC-06,建筑技术基础,48,3,AnnaDallaValle
77,PL-53,中国现当代哲学前沿,32,2,龚建平
78,CE-07,分析化学Ⅰ,32,2,漆贺同
79,BS-20,机能实验学Ⅰ,32,1,胡浩
80,BO-15,发酵技术与应用,32,2,高美丽
81,PL-44,智能科学的哲学基础,32,2,丁晓军
82,CI-14,批判传播学,32,2,赵一菲
83,PM-30,药用植物学实验,32,1,牛晓峰
84,MC-07,装备与制造系统,40,2,徐海波
85,CI-20,口腔科学,32,1.5,陈曦
86,CI-36,医学影像学,90,4,杨健
87,PL-01,中外政治思想史,32,2,吕书鹏
88,BS-27,病理解剖学,68,3.5,任淑婷
89,BM-51,医疗器械研发管理与产品认证,40,2,李剑君
90,NC-02,核分析技术,32,2,臧航
91,CV-02,土木工程综合实验,48,2,韩波
92,LW-69,商法,32,2,王玥
93,PM-05,药物分析学,80,4,曾爱国
94,MT-55,概率论与数理统计,48,3,李飞鹏
95,JS-10,口腔基础技能训练,80,2,裴丹丹
96,FN-03,金融市场学,32,2,周翔翼
97,NR-05,护理教育学,30,1.5,李津
98,CV-03,结构设计实践,32,1,韩波
99,IT-28,国际技术与服务贸易,32,2,杨万平
100,FN-06,国际金融学,40,2.5,高蓓
101,EG-28,国际交流演讲与辩论,32,2,楚建伟
102,CE-11,有机化学Ⅲ,48,3,郭丽娜
103,PM-09,药品生产质量管理,18,1,姜明欢
104,MT-52,机器学习,32,2,孟德宇
105,FN-36,证券市场前沿与实务,32,2,程茂勇
106,CI-98,泌尿系统与疾病,40,2,陈海文
107,EG-42,笔译-2,24,1.5,张敏
108,PY-66,固体物理,48,3,王宇
109,CI-18,医学影像学,72,3,金晨望
110,EN-04,经济学专业导论,16,1,李聪
111,EE-77,高电压技术,56,3,丁卫东
112,CS-22,计算机视觉与模式识别,48,2.5,苏远歧
113,MC-19,基础力学实验-1,16,0.5,刘书静
114,CV-48,城市应急管理与防灾减灾,24,1.5,许领
115,MG-05,智能决策与机器学习II,32,2,林绍波
116,IF-06,信号与系统实验,16,0.5,张建国
117,EG-31,英语学术论文写作,32,2,邵娟
118,BM-28,医学基础专题实验,32,1,陈岚
119,SA-07,应用统计实践,32,1,郑嘉俐
120,PM-38,药用植物学,24,1.5,牛晓峰
121,LT-53,比较文学导论,32,2,魏琛琳
122,LW-55,国际投资法,32,2,单文华
123,MR-01,测控实习,32,1,张育林
124,EE-11,电路,80,4.5,赵彦珍
125,IT-01,国际贸易实务,64,4,杨杨
126,EN-13,公共经济学,32,2,贾小玫
127,GD-01,毕业设计（未来智能制造方向高级项目）,256,8,梅雪松
128,EL-38,能源互联网信息通信技术,32,2,陈晨
129,NR-10,内科护理学 Ⅱ,72,3.5,李宁
130,EP-02,热工基础Ⅰ,44,2.5,杨富鑫
131,BO-04,生物2,40,2,彭韵桦
132,CN-24,过程流体机械,50,2.5,李云
133,MC-49,界面流体力学（英）,20,1,张旭瑞
134,AS-43,航天飞行器总体设计,32,2,陈刚
135,AT-08,计算机网络原理与应用,48,2.5,杨静
136,MC-60,船舶与平台结构基础,16,1,秦庆华
137,CI-24,诊断学,120,5.5,陈明伟
138,MC-33,数控技术,56,3,陶涛
139,EG-05,模拟联合国实践,32,1,李莹
140,EL-12,材料物理化学,40,2.5,李振荣
141,EG-45,国际关系导论,32,2,赵葆珉
142,BE-06,热质交换原理与设备,32,2,党政
143,MC-28,流体力学Ⅱ,56,3,许丁
144,EE-93,模电与大数电实验-2,32,1,孙敏
145,BS-10,人体寄生虫学,36,2,司开卫
146,EG-04,创新创业项目,32,1,张蕾
147,EP-13,热能与动力测试技术,52,2.5,文键
148,AT-01,现代物理与人工智能II,40,3.5,杨勐
149,LT-35,汉语口语-2,96,6,孔娟
150,SF-01,计算机组成原理与系统结构,48,3,李晨
151,CS-07,木马核心技术分析,32,2,孙钦东
152,EE-37,电力系统稳态分析,68,4,别朝红
153,CI-17,急诊医学,30,1.5,石秦东
154,AC-02,建筑摄影,16,1,吴志勇
155,BS-25,生理学,64,4,康玉明
156,ID-14,设计符号学,32,2,李宏伟
157,MT-77,高等数学IV-2,64,4,任平安
158,MT-61,工科数学分析-2,99,6,王勇茂
159,PY-06,大学物理III（米理）,64,4,杨志伟
160,MT-36,高等数学（留） II2,104,6.5,刘峰
161,CE-20,有机化学实验-1,32,1,熊礼龙
162,CE-13,无机与分析化学实验,32,1,韩甜
163,MT-59,高等数学I-2（留）,88,5.5,刘峰
164,MT-74,高等数学III-2,80,5,刘亚相
165,MT-78,高等数学II-2,99,6,齐雪林
166,MT-43,高等数学I-2,110,6.5,张芳
167,MC-17,理论力学,56,3.5,张亚红
168,MT-53,随机过程,48,3,程晓青
169,BS-43,医学微生物学,56,3,王洪亮
170,AT-43,浮雕创作,64,4,欧阳振宇
171,BS-08,生理学,72,4.5,孟凯
172,MT-38,高等数学（民族预科）,96,6,邸双亮
173,NR-08,基础护理学-1,72,3,王娣妙
174,JP-10,日语基础,32,2,任宏昊
175,EG-30,英语学术写作与展示,32,2,李小棉
176,BM-31,生物医学工程综合设计实验,64,2,王刚
177,EL-09,微电子学实验,32,1,王景平
178,EL-01,数字逻辑电路Ⅱ,48,3,李昕
179,EL-22,数字系统设计专题实验,32,1,雷冰洁
180,EL-20,微机电系统,32,2,韩传余
181,EL-21,数字系统设计基础,32,2,梁峰
182,EL-08,集成电路封装技术,32,2,李高明
183,EL-11,电子材料与器件原理,40,2.5,周迪
184,EE-63,电路,72,4,王霞
185,ID-44,电子系统设计制作,32,1,张朝阳
186,MT-51,概率论,64,4,段启宏
187,CE-04,现代仪器分析实验,32,1,郑阿群
188,EL-15,电介质物理,64,3.5,徐卓
189,IF-04,电磁场理论I,56,3.5,张贻齐
190,ID-41,太阳能电池设计制作,32,1,易文辉
191,EL-19,模拟电子系统专题实验,32,1,齐欢欢
192,EL-24,模拟集成电路设计II,40,2.5,许江涛
193,CE-08,分析化学实验Ⅰ,32,1,高瑞霞
194,EL-32,现代光学,40,2.5,陈烽
195,AT-10,信息物理融合能源系统,32,2,管晓宏
196,JS-12,设计实践4,16,0.5,戴靓华
197,EL-31,光电子材料与器件（双语）,32,2,云峰
198,EL-06,固体电子学实验1,32,1,王景平
199,FA-05,创新创业项目,32,1,寇媛媛
200,EL-13,现代微分析导论,32,2,王领航
201,EL-10,光电子学实验1,32,1,田亚玲
202,EL-33,激光原理与技术,40,2.5,樊叔维
203,MC-02,智能制造工程导论,16,1,江平宇
204,MC-36,微纳制造工艺与装备,48,2.5,邵金友
205,IS-18,数字图像处理,40,2,赵自新
206,IS-15,测试技术,48,2,徐光华
207,MC-22,大数据技术,64,4,张留洋
208,MC-50,智能传感器与检测技术（英）,48,3,严如强
209,MC-45,机械设计及其智能化,48,3,王永泉
210,MC-56,智能运维与健康管理,64,3,訾艳阳
211,MC-52,智能制造执行系统技术,48,3,张超
212,IS-21,机床精密测量与动态测试,40,2,李兵
213,IS-12,无线传感网络技术,24,1.5,韦学勇
214,LT-27,语文2,64,4,孙飞鹏
215,IS-19,智能仪器与虚拟仪器设计,52,3,侯成刚
216,IS-20,设备监测与诊断技术及应用,36,1.5,徐光华
217,MC-55,智能制造执行系统技术,72,3,周光辉
218,CI-03,网络舆情监测与研判,48,3,陈强
219,MC-24,材料力学（英）,48,3,娄燕山
220,MC-04,智能制造系统的人工智能应用及实践,64,2,孙闯
221,CS-21,数据库系统,48,2.5,何亮
222,CS-12,Rust语言程序设计,48,2.5,谢涛
223,CS-09,认知计算与机器学习,40,2,鲍军鹏
224,CS-14,数据库系统,64,3.5,任雪斌
225,CS-08,传感与检测专题实验,32,1,张利平
226,CS-28,物联网信息安全,40,2,桂小林
227,CS-15,计算机体系结构,56,3,陈衡
228,CS-30,电子系统设计专题实验2,16,0.5,郑卫斌
229,CS-06,计算机网络专题实验,32,1,郑卫斌
230,EL-05,电子技术实验-2,16,0.5,郑卫斌
231,CS-10,汇编语言,48,2.5,陈衡
232,CS-27,物联网原理,56,3.5,桂小林
233,CS-17,软件工程,32,2,王鸽
234,CS-19,数据结构与算法,48,3,黄鑫
235,CS-16,面向对象程序设计,32,2,薄钧戈
236,XL-01,English Language and Study Skills for Business-2,150,5,杨蕾
237,MG-09,大数据管理方法与应用,32,2,刘佳鹏
238,MG-67,管理沟通,32,2,尚玉钒
239,ID-08,人机界面设计,40,2,杨增耀
240,ID-16,人因素和人机学,48,2.5,李宏伟
241,ID-09,工业大数据处理与程序设计,40,2,仇国巍
242,ID-10,Web编程技术,40,2,谢涛
243,ID-02,工业设计实践Ⅱ-5,32,1,杨增耀
244,MC-51,深度学习与智能运维,48,3,赵志斌
245,MC-06,智能制造系统开发、调试与运维,64,2,周光辉
246,LW-77,经济法,32,2,吴锐
247,BS-30,机能实验学Ⅰ,32,1,胡浩
248,BS-28,病理学,96,4.5,孙颖
249,BS-03,局部解剖学,108,4,董炜疆
250,BS-12,组织学与胚胎学,96,5,吴晓林
251,BS-06,神经生物学,32,2,吕海侠
252,JS-20,口腔外科生产实习,640,16,裴丹丹
253,EP-14,流体力学（英）,64,3.5,孙金菊
254,TE-07,连锁经营与管理,24,1.5,彭晖
255,PY-15,大学物理II-1,64,4,刘萍
256,PY-18,大学物理实验I-1,32,1,郭永利
257,EP-93,能源科学技术前沿讲座,16,1,严俊杰
258,AC-25,建筑设计-2,96,4,戴靓华
259,BM-18,生物医学传感与仪器专题实验,32,1,李津
260,BO-09,遗传学Genetics,56,3.5,闫菡
261,AT-29,中国古代文字学通论,32,2,刘琰
262,AC-09,建筑设计-4,112,6,nan
263,EG-24,英语电影视听说,32,2,马琼
264,EG-52,国际人才英语,32,2,牛江
265,ID-07,设计实践-5,64,2,PatriziaBolzan
266,EG-39,TED英语视听说I,32,2,李瑛
267,EG-40,TED 英语视听说II,32,2,孙长虹
268,EG-33,中国文化翻译,32,2,焦晓凌
269,EG-35,英语写作基础,32,2,杨亭
270,EG-37,沟通与文化交流,32,2,许明
271,EG-44,新一代大学英语,32,2,杜文博
272,EG-34,阅读与思辨,32,2,何宗昌
273,EG-15,欧洲文化渊源,32,2,邱鹄
274,EG-38,雅思口语,32,2,曹兴潭
275,EG-36,雅思写作,32,2,杨扬
276,EG-46,医学英语术语,32,2,张鹏
277,PL-60,政治哲学导论,32,2,付侗
278,LT-23,学年论文,16,1,翁少妙
279,FN-04,经济大数据分析,48,2.5,李淑彪
280,AT-94,音乐,32,2,曹耿献
281,JS-03,临床药学专题实习,400,10,张抗怀
282,SF-03,算法设计与分析,40,2.5,郑帅
283,JS-06,创新创业实践IV,40,1,崔鑫
284,CR-06,中国传统文化,32,2,陆卫明
285,EN-18,博弈论,48,3,闫大卫
286,EN-19,行为经济学,32,2,张蕾
287,EN-14,公司理财,48,3,张成毅
288,LT-56,综合医学汉语6,64,4,马萍
289,JS-17,科创能力与竞赛训练,32,1,刘文凤
290,CV-09,土木工程施工,32,2,岳焱超
291,EG-07,英语语法,32,2,陈向京
292,NC-07,核反应堆物理分析,40,2.5,曹良志
293,ID-01,人工智能导论（米理）,40,2,李垚辰
294,EN-16,市场营销,32,2,张慧芳
295,EG-72,理解当代中国：英语读写,32,2,高洋
296,EN-10,人力资源管理,32,2,赵志平
297,CN-23,化工安全与环保,32,2,胡准
298,PE-91,体育-2,32,0.5,任文君
299,PE-93,体育-4,32,0.5,严春辉
300,CD-03,计算机组成与结构专题实验,32,1,曲桦
301,SC-13,社会研究方法,32,2,郭小弦
302,SC-24,科学社会学,32,2,杨张博
303,SC-41,社会组织管理,48,3,吴苏
304,PE-02,预科体育2,32,0.5,谢招福
305,PE-26,体育２（民族预科）,32,0.5,陈龙伟
306,MT-08,概率论,32,2,戴艳俊
307,LT-36,对外汉语教学,32,2,冯潇
308,BS-58,基本科研素养,24,1.5,刘进军
309,CI-07,神经病学,54,2.5,杨剑波
310,BM-20,单片机与嵌入式系统,64,3,周秦武
311,MT-46,代数拓扑讨论班,32,2,郗平
312,MG-24,政府公文写作,32,2,梅红
313,EG-25,应用语言学概论,16,1,张蕾
314,MG-32,宏观经济学,48,3,杨晶玉
315,RS-22,综合俄语-2,80,5,王慧
316,PY-78,综合物理实验Ⅱ-1,32,1,张俊武
317,FN-13,税收学,32,2,姚公安
318,BM-39,微流控芯片技术,32,2,冯上升
319,NC-18,无机化学,48,3,林健
320,BO-30,生命科学前沿,32,2,王昌河
321,LT-61,HSK四级综合课,160,10,韩娇娇
322,JS-01,专业实习,0,3,王志
323,PY-58,核物理导论,48,3,毛施君
324,IT-37,国际贸易实务,40,2.5,魏佳
325,AA-06,税法,32,2,曹建安
326,EL-35,直流电网技术,36,2,汲胜昌
327,EG-57,综合英语：文学,48,3,黄平安
328,LT-32,大学语文2（民族预科）,64,4,翟杨莉
329,EL-37,低碳能源经济与市场,52,3,肖云鹏
330,AT-93,专业设计-1,64,4,牛琛富茜
331,MT-19,材料科学基础-1,32,2,陈波
332,AA-13,BT商业与技术（ACCA）,48,3,赵红
333,LW-03,法庭辩论与法律谈判,32,1,李晓鸣
334,PY-10,现代物理基础导论,48,3,赵迪
335,MC-40,智能制造技术基础,64,3.5,康城玮
336,CV-41,钢结构设计,40,2,薛晓敏
337,AC-26,建筑设计-2,112,6,戴靓华
338,PL-42,复杂信息系统理论基础,32,2,邬天启
339,CI-05,内科学,48,2.5,张岩
340,FN-18,外国税制,32,2,刘华
341,SF-06,网络信息安全,32,2,田暄
342,CI-42,外科学Ⅰ,120,6,邢俊平
343,IS-02,误差理论与数据处理,32,2,李支康
344,SO-29,口腔颌面外科学Ⅲ,60,2.5,马思维
345,JS-07,创新科研训练,64,2,齐宝金
346,MC-12,工程图学,52,3,许睦旬
347,TE-28,管理学,40,2.5,郭磊
348,MT-16,实变函数,64,4,刘小川
349,NC-09,核电子学,48,2.5,李培
350,ID-19,设计思维与实践,48,2,李宏伟
351,NR-02,护理人文素养,48,2.5,周凯娜
352,CE-99,大学化学实验,32,1,杜姣姣
353,CV-58,房地产开发与经营,32,2,张妮
354,CI-15,眼科学,32,1.5,裴澄
355,EE-73,大数据科学与应用技术,32,2,焦在滨
356,BS-15,学科交叉专题,32,2,张德文
357,SC-01,课外实践8学分,0,8,任君
358,AC-05,建筑设计III,112,6,马立
359,AC-21,建筑表现技法-1,24,1,张冬冬
360,LT-14,中级汉语精读2,128,8,路荣
361,PE-10,运动训练-2,64,4,贺京周
362,MC-14,机械设计基础Ⅰ,72,4,武通海
363,EE-94,单片计算机原理及应用,36,2,贾立新
364,LT-24,学年论文1,16,1,古栋
365,MT-40,贝叶斯统计,32,2,赵谦
366,PL-39,西方哲学史 II,48,3,王嘉新
367,EG-10,英文辩论实践,32,1,刘睿
368,AS-28,航空发动机控制系统,32,2,杨朝旭
369,GR-20,德语欧标口语,32,2,何小超
370,PY-08,普通物理学 原子物理学,48,3,邵国运
371,LT-43,社会语言学,32,2,马梅玉
372,SA-11,多元统计分析,44,2.5,严明义
373,MG-12,创业管理,32,2,姜飞飞
374,LT-69,口腔医学汉语8,64,4,周程程
375,AS-44,飞行器制导与导航原理,40,2,梁勇奇
376,BM-24,医学智能诊断,44,2,许夏瑜
377,CI-16,儿科学,108,5.5,史瑞明
378,AS-42,航空飞行器总体设计,32,2,胡淑玲
379,AC-04,城市与公共建筑专题设计,112,6,竺剡瑶
380,LW-06,英美案例选读,32,2,冯雪
381,LT-18,现代汉语2,32,2,冯潇
382,GR-19,德语欧标阅读,32,2,何小超
383,MC-41,数字信号处理,32,2,郑杨
384,EP-17,传热传质学,56,3,方文振
385,CE-15,能源化学创新实验,48,1.5,高国新
386,CI-38,口腔科学,27,1.5,陈曦
387,SO-61,牙周病学,56,2.5,李昂
388,AC-10,建筑测绘,32,2,YEO SOK YEE
389,EN-01,公共经济学,32,2,雍岚
390,JP-22,综合日语Ⅲ-2,64,4,KUGAWA MICHITAKE
391,EL-28,电子技术基础,80,4,夏建生
392,MT-72,高等数学-2,80,5,韩国栋
393,BC-06,生物化学实验,32,1,李华
394,BM-16,生物医学传感与仪器,48,3,闫相国
395,MC-58,智能制造工艺与装备,56,3,张俊
396,BM-50,STM32核心板电路设计与制作,32,1,张博
397,EE-83,控制电机,48,2.5,娄建勇
398,PB-03,卫生毒理学,64,3,石兴民
399,AT-05,自动控制原理 I 下,32,2,朱洪艳
400,IF-02,移动通信,40,2.5,罗新民
401,VN-09,电动汽车与混合动力技术,40,2,曹军义
402,CV-25,弹性力学,32,2,张敬华
403,SC-36,社会网络分析,48,3,悦中山
404,TE-30,博弈论与信息经济学,32,2,王锋
405,IF-11,通信原理实验,16,0.5,张翠翠
406,BS-42,局部解剖学,64,2.5,冯改丰
407,EM-06,电子商务物流管理,32,2,周博
408,MC-13,企业与生产运作管理,36,2,马登龙
409,AT-82,雕塑创作 II,64,4,苗祥瑞
410,AT-67,自动控制原理II,48,3,郑辑光
411,CN-21,工程热力学,40,2.5,孙杰
412,0A-22,外科生产实习B,0,18,孙学军
413,TE-06,公共关系学,24,1.5,刘泓汛
414,CI-91,运动系统与疾病,40,2,李浩鹏
415,PM-21,临床药物治疗学各论 Ⅱ,80,4,杨乾婷
416,AT-27,自动控制原理专题实验2,16,0.5,景洲
417,LT-58,中国现代文学文献学,32,2,曾祥金
418,JP-05,日语写作,32,2,YAZAKI MASAKAZU
419,JP-07,创新创业训练,32,1,沈丽芳
420,EN-28,宏观经济学,64,4,贾小玫
421,MT-48,应用科学中的反问题,32,2,杨家青
422,CE-60,医用近代仪器分析,32,2,潘爱钊
423,BS-14,机能学实验方法与技术Ⅲ,24,0.5,胡浩
424,PL-33,西方哲学原著选读,48,3,张志伟
425,NC-04,原子核物理实验方法,48,3,张清民
426,AT-54,移动机器人,32,2,吕娜
427,BS-19,病理学,40,2,孙颖
428,FN-12,证券投资学,32,2,邢光远
429,EE-35,电力系统仿真理论与实践,40,2,张润凡
430,BM-30,生物医学工程概论,32,2,张建保
431,EG-16,英美戏剧,32,2,KALAYCI HASAN HUSEYIN
432,FA-11,法语报刊选读,16,1,BAROT OLIVIER CYRIL
433,SO-38,儿童牙病学Ⅱ,44,2,肖刚
434,EE-30,电气材料基础,32,2,肖冰
435,MT-34,组合与图论,32,2,鲁红亮
436,NC-06,电离辐射剂量学,52,2.5,王炫
437,MT-14,高分子化学与物理实验,32,1,张启路
438,AC-01,环境心理学,24,1,党纤纤
439,FN-08,公司金融,32,2,李倩
440,CE-05,普通化学原理-2,64,3,胡敏
441,AT-59,导航与制导原理,32,2,兰剑
442,HS-01,医学史,24,1.5,宋彬
443,IF-30,工程与社会,8,0.5,张育
444,MM-37,马克思主义哲学经典著作选读,48,3,燕连福
445,CI-04,精神病学,32,1.5,王崴
446,FN-09,中央银行学,32,2,景薇
447,CI-89,神经与精神疾病,60,3,张茹
448,FA-46,基础法语精读II-2,128,8,李文君
449,CV-16,结构力学-1,64,4,张玲玲
450,AT-42,Design Thinking and Methods,32,2,冯伟
451,MG-39,消费者行为学,32,2,杨林岩
452,CI-13,耳鼻咽喉科学,24,1.5,任晓勇
453,CN-02,工程算法设计与模型求解,47,2,张永海
454,CI-34,外科学,84,3.5,曹罡
455,MT-13,材料性能与测试技术实验,32,1,牛靖
456,CI-88,临床技能学,30,1,柏宏亮
457,CE-01,医用有机化学,64,4,许昭
458,CI-09,皮肤性病学,32,1.5,周艳
459,CN-20,化工原理-1,56,3,康丽霞
460,EN-32,实验经济学,32,2,张蕾
461,LW-67,民法分论,64,4,薛华
462,MM-31,西方哲学史,48,3,寇爱林
463,MT-12,复变函数,48,3,董荣
464,VN-05,车辆制造装备与系统,24,1.5,张大伟
465,PY-35,大学物理学（实验）Ⅰ,32,1,翟立朋
466,0Y-35,固体物理,64,4,张胜利
467,ST-01,化工设计,80,3,黄哲庆
468,MG-02,市场营销学,32,2,杨林岩
469,AT-91,设计技术-2,32,2,何静
470,AT-23,运动控制系统（钱）,48,2.5,刘小勇
471,JP-33,日语视听说-4,32,2,张伟莉
472,LT-07,传播思想史,32,2,张铁云
473,MT-31,数值分析,48,3,梅立泉
474,AA-01,金融学,48,2.5,乔政
475,VN-03,现代轨道车辆,40,2,李靖祥
476,LW-12,亲属与继承法,32,2,曹晓路
477,FA-57,中级法语视听说-2,32,2,孟丽娜
478,FR-04,法医病理学,160,7.5,王振原
479,MT-79,高等数学V,64,4,朱旭
480,IS-13,MEMS传感器和执行器,32,2,李运甲
481,FN-35,财税应用研究基础,32,2,程可为
482,BM-40,高等生物材料,32,2,马玉菲
483,LT-13,简明中国历史,32,2,李睿
484,EN-12,专业综合实验,64,2,张瑜
485,CI-31,眼科学,27,1.5,雷剑琴
486,MT-06,材料性能,48,3,吴戈
487,PY-03,大学物理III,64,4,杨宏
488,BM-06,科研技能训练-1,16,0.5,林敏
489,AT-58,计算智能,32,2,柯良军
490,CD-04,Linux操作系统应用开发训练,32,1,田丽华
491,MT-00,专业导论（数学类）,16,1,郭士民
492,TE-15,价格理论与实践,32,2,李江龙
493,SC-23,老年社会学,32,2,陈滔
494,ER-19,地球环境科学进展,32,2,程海
495,AT-45,设计概论,48,3,牛琛富茜
496,MT-09,材料工程基础,64,4,王玉
497,BO-29,生命科学综合实验-1,32,1,孔宇
498,CS-20,计算机图形学,32,2,赵玺
499,MG-34,公共政策学,32,2,刘慧君
500,BS-59,人体分子与细胞,64,4,李冬民
501,FA-56,基础法语视听说-2,32,2,曾珠
502,MC-31,计算流体力学,36,2,陈春刚
503,AT-44,Frontiers of Technology and Art,32,2,赵一青
504,PL-13,逻辑与批判性思维,32,2,王伟
505,PM-04,临床药物治疗学,32,2,王陶陶
506,LW-68,国际知识产权法,32,2,权彦敏
507,EL-26,数字电子技术,48,3,韩春阳
508,EM-13,网络经济学,34,2,王智鑫
509,LW-36,经济法,48,3,齐鹏
510,CI-19,皮肤性病学,27,1.5,周艳
511,CD-01,电子系统设计与实践,80,2.5,张虹
512,LT-03,媒介理论研究与前沿,32,2,赵一菲
513,IT-42,国际市场营销学,40,2,袁晓玲
514,EG-61,综合英语：哲学,48,3,王非
515,EG-08,二外/英语-1,32,2,朱嘉春
516,MT-49,地学大数据分析,32,2,王治国
517,EG-26,英语视听说（日英方向）-2,32,2,张莉
518,SF-02,操作系统,40,2.5,田丽华
519,EP-10,自动控制原理Ⅰ,52,2.5,郭朋华
520,LT-51,戏曲鉴赏,32,2,吴小侠
521,PY-54,电磁学,64,4,陈晓林
522,MG-08,社交网络与文本分析,32,2,刘跃文
523,LW-51,知识产权法Ⅰ,32,2,李晓鸣
524,BS-13,口腔局部解剖学,56,2,胡明
525,LW-16,劳动与社会保障法学,32,2,王玉苹
526,EE-65,高电压综合实验,64,2,惠思思
527,AS-30,飞行器气动课程设计,32,1,姬兴
528,AC-12,建筑模型制作-1,32,1,吴志勇
529,LT-70,汉语综合-2,64,4,张知倞
530,EN-25,宏观经济学Ⅲ,32,2,杜巍
531,BC-09,生物化学,32,2,马捷
532,FN-32,数字经济概论,32,2,林颖
533,SC-30,人类学,32,2,缪晓雷
534,FN-20,税务筹划,36,2,薛晓琳
535,EE-95,智能电网储能应用技术,36,2,王建学
536,EN-30,博弈论,32,2,王锋
537,MT-30,数字图像处理,32,2,孙剑
538,SF-08,图像处理与机器视觉综合训练,16,0.5,田智强
539,MC-23,工程材料力学,48,3,刘睫
540,MG-30,统计学,32,2,常象宇
541,PY-11,电动力学,64,4,田光善
542,CI-11,新媒体广告设计,48,3,刘婵君
543,FN-27,数字货币与金融风险管理,32,2,李锐
544,AT-57,网络与信息安全,40,2,沈超
545,EL-18,模拟电子技术,64,4,郭俊
546,BS-34,药理学,48,3,贺建宇
547,AC-07,住宅建筑设计原理,16,1,张定青
548,CV-24,土木工程材料,46,2,王剑云
549,CE-06,基础化学Ⅰ,32,2,李健军
550,AT-83,生态景观设计,48,3,杨眉
551,EG-55,英语视听说-4,48,3,吴洁莹
552,BM-32,生物传热与传质,32,2,何晓聪
553,BS-29,生物信息学,32,1.5,韩蕾
554,SO-42,固定义齿修复学Ⅰ,80,3,裴丹丹
555,PY-56,粒子物理导论,32,2,李荣
556,BO-20,发酵综合开放实验,48,1.5,高美丽
557,LW-66,刑法分论,48,3,苏青
558,BE-10,建筑冷热源,48,3,王沣浩
559,ER-07,环境生物学,56,3,唐龙
560,PY-65,科研训练I,32,1,赵迪
561,AC-42,传统建筑理论（英）,24,1.5,周晶
562,FA-38,法语系统语法,32,2,郭琳
563,AT-32,“计算机控制技术”专题实验,32,1,景洲
564,EG-09,二外/英语-3,32,2,赵葆珉
565,AT-51,设计构成,64,4,牛琛富茜
566,AS-47,工程热力学II,48,3,武俊梅
567,EG-32,口译实务-2,24,1.5,李雅丽
568,MG-31,应用统计学,64,4,许永建
569,MG-19,政府与企业,32,2,刘朔
570,SF-04,图像处理与机器视觉,40,2.5,祝继华
571,BM-52,医学检验仪器,40,2,翁国军
572,CI-06,数字媒介概论,32,2,牛耀红
573,EM-12,电子商务原理,36,2,徐晓瑜
574,IT-31,国际市场营销学,40,2.5,赵锴
575,MT-04,信息科学的矩阵分析基础,32,2,贺丽君
576,AA-30,会计学,48,3,毛秋蓉
577,AT-11,智能感知与移动计算,38,2,王鸽
578,CS-18,大数据分析与可视化,36,2,顾刚
579,LT-31,《诗经》与礼乐文化,32,2,罗军凤
580,EP-19,热质储能技术及应用,40,2.5,陶于兵
581,CI-25,耳鼻咽喉科学,32,1.5,张少强
582,VN-02,车辆工程CDIO,56,2,徐俊
583,LT-44,初级汉语听力2,64,4,邵一圃
584,PY-16,科研训练II,32,1,赵迪
585,LT-47,外国文学史,64,4,魏策策
586,BM-01,医工学基础,32,2,刘进军
587,BI-01,毕业设计（论文）,128,8,赵炜
588,IF-44,信号与系统IV,40,2.5,侯兴松
589,CN-40,过程装备腐蚀与防护Ⅰ,24,1.5,胡海军
590,LT-74,基础医学汉语-2,96,6,周瑜洁
591,MM-34,当代中国政府与政治,32,2,王维国
592,FA-28,法国美食文化,32,2,BAROT OLIVIER CYRIL
593,EP-28,传热传质学（未来）,48,2.5,方文振
594,PM-06,生物药剂学,40,2,李维凤
595,IF-42,纠错编码理论,32,2,李锋
596,CE-98,大学化学,48,3,张祯
597,LW-61,侵权法,32,2,聂卫锋
598,FA-02,法语阅读写作实践,32,1,BAROT OLIVIER CYRIL
599,BS-04,医学前沿专题,48,3,吕海侠
600,LW-58,知识产权法Ⅱ,32,2,周方
601,PL-09,医学伦理学,32,2,魏琳
602,EN-03,水污染控制工程,64,4,王云海
603,EP-21,先进制冷低温技术,56,3,侯予
604,GR-21,德语欧标听力,32,2,何小超
605,BE-11,建筑设备自动控制,32,2,王军
606,TE-10,战略管理,32,2,亢延锟
607,PY-80,创新物理实验II,32,1,王红理
608,EE-32,新能源概论,48,2.5,吴锴
609,SO-52,黏膜病学,20,1,张佳
610,FN-11,投资项目评估,32,2,毛英
611,MG-15,劳动关系学,32,2,代秀亮
612,AT-20,景观植物学,32,2,杨眉
613,IT-34,跨境电子商务,40,2,徐丽华
614,LT-46,中级汉语听说2,64,4,冯潇
615,MG-66,现代物流与供应链管理,32,2,王能民
616,LW-18,信息安全法学,32,2,王玥
617,MT-17,微分几何,48,3,张正策
618,JP-08,二外/日语-2,64,4,曹红荃
619,BO-07,细胞生物学,48,3,柳絮云
620,BO-16,分子生物学实验H,32,1,亓树艳
621,EE-84,电储能系统与并网技术（未来）,32,2,李宇飞
622,MC-15,机械设计基础Ⅱ,56,3,陈丽
623,CI-00,消化系统与疾病,56,3,王进海
624,IF-10,无线通信系统虚拟仿真实验,16,0.5,张国梅
625,SO-22,牙体手术学,48,2,董茜茜
626,PL-54,西方哲学前沿,32,2,罗久
627,MG-07,系统工程I,48,3,吴锋
628,AT-28,人物塑造,64,4,欧阳振宇
629,ST-04,计算机科研习课,128,4,单丹枫
630,SO-59,口腔组织病理学I,40,1.5,李淑薇
631,EE-16,电机的智能控制,48,2.5,丁文
632,FA-43,法语写作-1,16,1,BAROT OLIVIER CYRIL
633,FN-02,连续时间金融,32,2,王坤
634,MC-59,智能成形技术,56,3,张琦
635,EN-11,资本论选读,32,2,赵方
636,PM-20,药剂学,100,4.5,邢建峰
637,AT-33,电子线路设计设计训练专题实验2,24,0.75,刘美兰
638,SF-17,自然语言处理技术,32,2,姜沛林
639,MT-83,概率论与数理统计(米理),48,3,宋鹏飞
640,AC-15,景观规划设计原理,24,1.5,杨晗孜
641,CN-19,过程装备智能制造基础,32,2,邓建强
642,FE-05,微生物学实验,32,1,张璐薇
643,FN-10,金融学,48,3,张昭
644,PL-02,政治经济学,48,3,刘儒
645,CE-50,分析化学,96,5,李银环
646,ER-09,城市遥感技术,16,1,许威
647,BS-26,免疫学,50,2.5,王军阳
648,MT-32,线性代数,64,4,王仁振
649,LW-34,国际经济法学,48,3,林雪贞
650,EP-33,透平机械流体动力学,48,3,何坤
651,JS-29,儿科生产实习,120,3,王渊
652,CE-14,无机与分析化学,48,3,李银环
653,0A-15,妇产科生产实习B,0,6,李雪兰
654,IT-43,国际商务,32,2,陈绍俭
655,EE-72,电气工程及其自动化专业导论,16,1,梁得亮
656,FE-03,微生物学,32,2,薛晚利
657,MG-60,现代产品开发与设计,32,2,李刚
658,GR-03,基础德语视听说-3,32,2,何小超
659,CI-90,临床医学导论,56,3,郭晓燕
660,NR-04,健康评估,64,3,施齐芳
661,AC-11,建筑模型制作-3,32,1,吴志勇
662,NC-05,原子物理,32,2,赵耀林
663,PM-22,临床药物治疗学各论 Ⅰ,80,4,王海涛
664,CI-83,诊断学,158,7.5,强薇
665,CN-34,反应器设计,24,1.5,王斯民
666,EE-44,发电厂电气部分,36,2,闫晨光
667,PY-39,基础物理实验-1,32,1,高博
668,GR-26,中级德语-2,96,6,赵欣
669,MC-30,现代设计理论与方法,32,2,朱永生
670,CI-71,肿瘤学概论,32,2,刘棣
671,AT-04,深度学习工具与平台,44,2,张旭翀
672,EN-06,产业经济学Industrial Economics,48,3,郭誉森
673,JP-04,基础日语,90,6,沈丽芳
674,LT-37,综合医学汉语4,64,4,周程程
675,AT-75,标志与视觉识别系统设计,64,4,董琪
676,BO-03,代谢组学,32,2,田中民
677,EN-15,环境化学Ⅱ,32,2,延卫
678,AT-55,数字图像与视频处理,40,2.5,兰旭光
679,PY-61,材料物理性质,32,2,周超
680,ST-02,论文写作与发表,16,1,罗敏楠
681,IF-45,数字信号处理,40,2.5,张懿洁
682,PE-09,运动训练-4,64,4,贺京周
683,BS-11,医学实验动物学,32,1.5,刘恩岐
684,CV-26,工程经济与项目管理,24,1.5,张玲玲
685,ER-04,生态学,48,3,张凡
686,IF-27,短距离无线通信专题实验,32,1,陈伟
687,EG-51,理论语言学入门,32,2,袁芳
688,TE-25,经济博弈论,32,2,王锋
689,AS-14,航空发动机结构与强度,40,2.5,杨利花
690,FN-01,金融学,44,2.5,马瑶
691,TE-16,商务谈判,32,2,杨少华
692,BS-18,病理生理学,32,2,李会霞
693,MT-24,材料工程基础,40,2.5,刘志伟
694,EM-23,电子政务,36,2,王立华
695,BS-47,医学微生物学,48,2.5,陈艳炯
696,CN-22,流体力学,40,2.5,方嘉宾
697,CE-96,物质结构与性质-有机篇,88,4,刘乐
698,CV-12,测量学,40,2,罗冬
699,FA-26,基础法语视听说-1,32,2,曾珠
700,EN-23,卫生经济学,24,1.5,赖莎
701,AS-33,人工智能技术概论,32,2,杨朝旭
702,TE-11,商业伦理学,32,2,彭晖
703,BS-56,人体功能学,96,6,张莉
704,CI-12,媒介运营与管理,48,3,张宏邦
705,SA-14,国民经济统计学,40,2.5,周亚莉
706,CN-31,化工机械强度与振动,24,1.5,张海滨
707,PA-05,英语翻译实践,16,0.5,张敏
708,FR-08,法医临床学与人类学,88,4.5,顾姗智
709,AC-08,场地设计原理,24,1.5,王非
710,SO-51,口腔修复学,148,6,牛林
711,IF-37,光纤通信,40,2.5,田春明
712,PL-52,德国哲学,32,2,程府
713,AT-02,隶书临摹与创作-2,32,2,孙立滨
714,IF-43,数字图象处理,32,2,梁毅军
715,MT-45,数值代数,32,2,王飞
716,BS-32,医用电子显微技术,24,1,马捷
717,AA-15,FM 财务管理（ACCA）,64,4,田高良
718,BO-18,生物组学与精准医学,32,2,许洁
719,FN-16,互联网金融,32,2,张成虎
720,PM-03,生药学,64,3,牛晓峰
721,MG-04,组织行为学Ⅱ,32,2,周忠良
722,FE-01,食品化学,56,3,彭锦峰
723,PM-23,工业药物分析,64,3,曾爱国
724,FA-25,现当代法语文学导读,16,1,臧小佳
725,GE-05,艺术与科学的交汇,16,1,管晓宏
726,EN-07,环境影响评价,32,2,刘萍萍
727,ER-03,综合工程训练2,40,1,栗茂林
728,AC-18,建筑师职业教育,8,0.5,杨路
729,MC-08,专业认知II,16,0.5,宋建伟
730,CN-14,化学反应工程,48,2.5,伊春海
731,JS-24,科研训练,32,1,唐亚哲
732,CE-17,高分子化学,32,2,成一龙
733,NC-08,核反应堆控制,40,2,孙培伟
734,CI-80,儿童生长发育与疾病,72,3.5,杨琳
735,AS-32,项目设计,32,1,胡淑玲
736,CN-26,化工传递过程,52,2.5,刘永忠
737,EN-31,微观经济学,64,4,王文
738,LT-26,语言学概论,32,2,马梅玉
739,EP-07,流体机械原理,56,3,秦国良
740,MT-56,概率统计与随机过程,64,4,王宁
741,EE-91,电工电子技术实验Ⅱ,16,0.5,原晓楠
742,FR-06,法医毒物分析,64,2.5,马丽霞
743,CE-18,无机制备化学,32,2,梁军艳
744,EE-79,电储能系统与并网技术,40,2,王丰
745,IF-41,天线原理,32,2,陈晓明
746,BO-10,遗传学,48,3,杨铁林
747,LW-43,国际经济法学,32,2,陈虹睿
748,NC-01,量子力学,48,3,赵耀林
749,NR-03,护理信息学,40,2,张迎
750,AT-30,数字化设计与建造,32,2,陈强
751,LW-13,公司法,32,2,张冰
752,SF-12,计算机网络专题实验,32,1,张玉龙
753,SC-25,组织社会学,48,3,李晓光
754,MC-27,计算固体力学,40,2,李录贤
755,JP-25,日语视听说-2,32,2,沈丽芳
756,LT-16,文艺美学,32,2,王学强
757,SO-56,合学,40,2,王爽
758,JP-21,日语听说Ⅲ-2,32,2,KANETO SACHIKO
759,BS-33,全科医学教育,32,2,宋彬
760,AT-73,中外美术史,64,4,熊雯
761,IF-39,通信网与程控交换技术,40,2.5,张亦希
762,PY-62,理论力学,64,4,冯俊
763,LT-06,中国语言文学专业导论,16,1,王瑶
764,LW-45,国际经济法学（英）,32,2,王鹏
765,GR-09,基础德语,96,6,何小超
766,PM-51,药物合成反应实验,46,1.5,魏晓峰
767,NC-13,核信息获取与处理,32,1.5,刘书焕
768,EG-17,文化批评：理论与实践,16,1,史鹏路
769,FA-19,旅游法语,16,1,李文君
770,BO-14,细胞生物学实验H,32,1,高美丽
771,BS-21,病理学,56,3.5,赵长安
772,CS-33,“数据结构与程序设计”专题实验,32,1,刘美兰
773,BS-05,病理学,153,7.5,任淑婷
774,EG-58,英语视听说-2,32,2,张莉
775,CI-30,耳鼻咽喉科学,27,1.5,邵渊
776,LT-39,辞赋与汉唐文化,32,2,刘祥
777,MC-34,固体力学,96,6,刘咏泉
778,PB-04,卫生微生物学,40,2,薛晚利
779,LT-68,综合医学汉语8,64,4,韩娇娇
780,ER-35,城市气象与极端灾害,40,2,贝耐芳
781,CI-32,急诊医学,28,1,裴红红
782,SO-25,社区牙科学,48,2,田剑刚
783,SO-50,口腔解剖生理学,40,1.5,董炜疆
784,MT-27,最优化方法,48,3,李辉
785,BO-13,神经生物学与脑科学,32,2,李延海
786,BM-03,科研思维训练-1,16,0.5,朱键
787,IS-05,测控电路,40,2,丁晖
788,BO-26,生物创新综合实验-1,64,2,孔宇
789,FR-01,法医法学,48,2.5,魏曙光
790,AC-31,中国建筑史,40,2.5,王佳
791,MM-28,中共党史,48,3,陆卫明
792,PM-19,天然药物化学,48,3,郭增军
793,LW-09,法律方法,32,2,季雪亮
794,CN-17,化工原理实验-1,16,0.5,张瑜
795,FN-15,金融风险管理,32,2,马草原
796,EE-92,工业计算机控制技术,56,3,崔栋刚
797,MT-73,分析讨论班,32,2,陆亚明
798,AT-74,书法美学,32,2,杨晓萍
799,CV-44,桥梁工程,40,2,苏有华
800,LT-50,中级汉语写作2,32,2,杨莉莉
801,JP-32,日语基础写作,32,2,KUGAWA MICHITAKE
802,MT-02,工程材料基础,32,2,李博
803,EE-39,电力系统自动化,32,2,李宇骏
804,AT-12,智能信息融合,32,2,韩德强
805,MM-39,马克思主义哲学原理,48,3,吴鹏
806,LT-12,中国现代文学史,48,3,张勇
807,LT-10,中国古代文学史II,48,3,许浩然
808,AT-60,古代碑帖选读,32,2,李颖
809,PB-02,卫生化学,56,2.5,韩蓓
810,PY-64,量子信息创新实验,32,1,冯雪红
811,EP-18,热质储能技术及应用实验,16,0.5,孟婧
812,PY-26,物理（民族预科）,64,4,方爱平
813,FN-07,中央银行学,32,2,景薇
814,CE-22,物理化学Ⅰ-1,64,4,赵翔
815,IF-40,微机原理及应用,48,2.5,张国梅
816,LW-42,国际私法学（英）,32,2,郭剑萍
817,EE-78,电工电子技术实验-1,16,0.5,原晓楠
818,SC-21,中国社会学史,32,2,姜利标
819,ER-29,环境修复原理与技术II,32,2,邱临静
820,LW-04,法律诊所,32,1,苟学珍
821,SO-31,口腔病理学,56,2.5,辛颖
822,MC-01,机械工程导论,16,1,李涤尘
823,MG-70,生产计划与控制,32,2,刘雅
824,EN-29,行为经济学,40,2,张蕾
825,AA-02,会计信息化,16,1,董南雁
826,CN-30,化工工艺学Ⅱ,24,1.5,邓建强
827,MT-54,高等代数与几何II-2,80,5,贾惠莲
828,MG-40,人因工程,32,2,刘树林
829,CN-25,化工分离过程,48,2.5,李娜
830,LT-22,中国古代文学,32,2,马春燕
831,EE-75,电器理论基础,48,2.5,史宗谦
832,LT-62,口腔医学汉语4,64,4,张爱珍
833,MG-27,工业品营销与营销渠道管理,32,2,肖振鑫
834,AA-11,MA管理会计（ACCA）,48,3,欧佩玉
835,CI-93,病原与感染性疾病,64,3,李海
836,EE-74,人工智能技术导论,32,2,曹晖
837,EE-45,新能源电力系统规划与运行,40,2,刘俊
838,JS-22,传染科生产实习,120,3,王渊
839,CE-23,储能化学基础实验-2,16,0.5,王耿
840,GR-18,德语欧标写作,32,2,何小超
841,EM-24,人工智能概论,40,2,周博
842,PM-10,工业药剂学,84,4,李维凤
843,AS-41,航空发动机结构动力学,32,2,徐自力
844,CE-12,化学生物学基础,32,2,孙杨
845,MC-48,疲劳与断裂,32,2,卢同庆
846,SO-57,口腔正畸学,56,2.5,邹蕊
847,SF-07,机器学习导论,32,2,庞善民
848,AT-56,无线传感器网络,32,2,姚向华
849,AA-17,AA 审计与认证业务（ACCA）,48,3,李星
850,MM-08,形势与政策2（民族预科）,32,2,李家胜
851,PL-14,美学,48,3,妥建清
852,LT-63,口腔医学汉语6,64,4,张爱珍
853,MT-29,实变函数,64,4,尤波
854,CI-73,心血管系统与疾病,68,3.5,牟建军
855,LW-24,中国法律史,32,2,杜军强
856,FA-24,综合法语III-2,96,6,寇媛媛
857,SF-05,机器学习技术综合训练,16,0.5,庞善民
858,JS-14,设计实践6,16,0.5,马立
859,BO-21,干细胞与再生医学,32,2,耿晶
860,CI-68,呼吸系统与疾病,68,3.5,李洋
861,CI-74,女性生殖系统疾病,88,4,吕淑兰
862,EL-41,信号与系统,36,2,王发强
863,FN-29,量化投资技术与方法,32,2,元向辉
864,BM-27,生物医学工程综合设计实验Ⅰ,32,1,王刚
865,FR-07,精神病学与法医精神病学,64,3.5,韩卫
866,EP-20,储能原理与应用,48,3,刘朝晖
867,PY-60,凝聚态物理学导论,64,4,夏明岗
868,LT-11,中国经济与对外贸易概况,32,2,杨杨
869,VN-04,车辆电机与驱动,40,2,李靖祥
870,MC-42,智能机器及其实施技术,32,2,赵升吨
871,FA-40,基础法语精读I-2,128,8,孟丽娜
872,EP-31,流体热物性测试技术,56,3,吴江涛
873,AT-69,篆刻学II,32,2,孙立滨
874,LW-14,金融法,32,2,曹毅搏
875,AA-12,FA财务会计（ACCA）,48,3,骆蕾
876,CI-64,皮肤感官系统与疾病,84,4,耿松梅
877,BM-05,医学信息工程,32,2,王刚
878,EN-08,博弈论,48,3,闫大卫
879,NR-12,精神健康与心理护理,48,2.5,郭丽阳
880,FA-14,法语视听说III-2,16,1,曾珠
881,AT-07,楷书临摹与创作-2,48,3,孙立滨
882,EM-17,多媒体技术,40,2,杨超凡
883,MM-35,马克思主义与当代社会思潮,48,3,王哲
884,NE-02,材料科学基础与新能源材料,40,2.5,黄建兵
885,CI-40,精神病学,27,1.5,陈云春
886,FR-02,法医案例综合分析,24,1.5,樊栓良
887,EN-34,博弈论,32,2,闫大卫
888,SO-36,牙体形态学,78,3,孙慧玲
889,GR-06,德语基础口语,32,2,何小超
890,CE-16,物理化学,56,3.5,卜腊菊
891,EE-87,电力开关设备,32,2,吴翊
892,IT-39,跨国公司经营管理,32,2,王增涛
893,AA-14,P5 高级业绩管理,48,3,董南雁
894,BS-22,医学微生物学基础与进展,44,2.5,王洪亮
895,MC-44,复合材料力学,16,1,宋亚勤
896,FA-04,二外/法语-2,64,4,樊静薇
897,PY-37,大学物理学（理论）1,64,4,李宏荣
898,LT-17,中国古代文论,48,3,翟杨莉
899,BS-49,机能实验学,48,1.5,胡浩
900,LW-38,律师制度与实务,32,2,王新雷
901,PM-40,有机化合物波谱解析,40,2.5,张卉
902,MT-22,生物统计基础,56,3,李丽敏
903,CE-02,化学绘图基础,32,2,周桂江
904,IF-36,电子系统设计基础,32,1,洪玺
905,EN-09,制度经济学,32,2,程瑜
906,EN-05,固体废物处理与处置,48,3,高宁博
907,VN-01,汽车电子与控制,40,2,张政
908,EP-32,换热器设计,48,3,曾敏
909,LW-75,国际投资法（英）,32,2,杜娟
910,EP-15,储能热流基础实验,16,0.5,孟婧
911,IT-33,国际经济合作,32,2,赵锴
912,JS-15,储能装置监测系统设计,64,3,宋政湘
913,LT-54,初级汉语口语2,96,6,杨莉莉
914,RS-05,基础俄语视听说-5,16,1,YANGUTOVA RITA
915,SO-40,口腔颌面外科学Ⅰ,90,4.5,李旭奎
916,PL-56,价值哲学导论,32,2,王振嵩
917,AS-13,飞行器总体课程设计,32,1,张扬
918,LW-47,国际私法学,32,2,李万强
919,IT-32,商务英语,32,2,徐丽华
920,ER-13,环境系统监测,32,2,陈美娟
921,CI-84,外科学-1,126,6,廖新华
922,CI-99,儿童生长发育与疾病,40,2,杨琳
923,LW-41,法律职业伦理,32,2,王碧
924,CV-45,工程结构抗震,24,1.5,马建勋
925,CE-09,物理化学Ⅱ,64,4,岳岭
926,BE-08,暖通空调,56,3.5,张联英
927,JP-35,中级日语综合实践,16,1,孙莉
928,IF-38,数据通信与计算机网络,40,2.5,洪伟
929,FN-28,现代金融学,48,3,马瑶
930,EP-29,热质储能技术及应用（未来）,40,2.5,陶于兵
931,LW-31,法律诊所,0,2,张紫薇
932,CI-92,免疫系统与疾病,36,2,季延红
933,BS-57,人体分子与细胞-Ⅰ,64,4,李冬民
934,MG-16,政府运作与管理,32,2,阎波
935,IS-11,自动化仪表,48,2.5,陈玉
936,VN-10,汽车结构有限元与数值计算,24,1,臧顺来
937,BM-41,医用光学成像原理与仪器,32,2,王斯佳
938,MM-27,世界近现代史,48,3,金新
939,FN-26,投资基金管理,32,2,景薇
940,AT-72,东亚书法史,32,2,李颖
941,LW-82,国际商法,32,2,陈虹睿
942,MG-91,创新管理,32,2,魏泽龙
943,AS-46,热工基础Ⅱ,32,2,阳倦成
944,AS-29,飞行控制系统设计,32,2,荣海军
945,MC-32,材料成形技术基础（英）,32,2,王富
946,XL-02,Essentials Of Finance,150,5,李晶
947,CE-21,高分子物理,32,2,井新利
948,CI-72,血液系统与疾病,48,2.5,姚璐
949,EE-19,风力发电与太阳能发电技术,32,2,雷万钧
950,BS-51,人体形态学-II,24,1.5,孙颖
951,AT-16,数字设计与计算机原理专题实验,32,1,刘瑞玲
952,LT-25,学年论文2,16,1,曾祥金
953,AC-22,建筑表现技法-2,24,1,张冬冬
954,SC-29,社会统计学,48,3,朱晓文
955,IF-15,电子技术实验-2,16,0.5,张翠翠
956,RS-04,二外/俄语-2,64,4,刘彦晶
957,AT-96,行书临摹与创作-1,32,2,尚磊明
958,EE-62,电磁兼容技术,48,2.5,陈玉
959,EL-29,人工智能与智能仪器,64,3.5,曾翔君
960,AT-79,插画艺术创作,64,4,石淑捷
961,JS-25,内科生产实习Ⅲ,560,14,王渊
962,CI-78,临床技能实践-Ⅱ,32,1,柏宏亮
963,SF-11,大数据技术,32,2,赵加坤
964,SC-37,家庭与性别社会学 Sociology of Family and Gender,48,3,王奕轩
965,AC-27,建筑设计基础-1,96,4,雷耀丽
966,RS-17,俄语口语-2,32,2,YANGUTOVA RITA
967,JP-34,日语阅读,32,2,曹红荃
968,BS-50,人体分子与细胞- II,64,4,杨旭东
969,MC-39,先进材料与结构,32,2,侯俊玲
970,NE-04,流体机械能转化原理与技术,38,2,陈斌
971,ID-15,虚拟现实技术,40,2,郑帅
972,EL-16,电子技术实验1,16,0.5,张锋
973,SO-34,口腔种植学,20,1,周秦
974,BO-19,衰老生物学,32,2,许洁
975,AS-45,航空航天推进技术,32,2,左逢源
976,CS-23,计算机原理与嵌入式系统,48,3,杨晨
977,SC-48,西方社会学理论前沿,32,2,姜利标
978,JP-02,日语学术论文特征与写作,32,2,霍士富
979,SO-21,全口义齿修复学,80,3,牛林
980,AT-47,传统雕塑临摹,64,4,张菊芳
981,SA-03,国民经济统计学,32,2,周亚莉
982,AT-62,智能机器人基础,32,2,曹建福
983,EP-16,储能热流基础,64,4,何雅玲
984,PY-63,材料研究方法,32,2,孔春才
985,MT-33,基础数学实验,48,2,马军
986,SO-09,口腔生物学,40,2,许丹
987,EE-57,工程电介质物理学,48,3,李建英
988,SO-23,牙合学,24,1,王爽
989,AC-43,美术基础-2,80,4,石峰
990,NE-05,新能源热利用与热发电原理及系统,46,2.5,赵亮
991,AT-09,机器人学基础,56,3,徐林海
992,CI-43,传染病学,72,3,何英利
993,CE-34,储能原理-1,48,3,高国新
994,MC-25,制造执行系统技术,40,2,杨茂林
995,PM-11,化学制药工艺学,64,3,魏晓峰
996,SO-24,口腔放射诊断学,40,2,虎小毅
997,BO-25,生物科技史,32,2,时乐
998,NC-15,材料热力学,32,2,柳文波
999,MG-22,职业生涯规划,32,2,马伟
